Gauford,Albertine,agauford0@acme.com,(614) 7171720
Greger,Bryce,bgreger1@acme.com,(616) 3543513
Wetherald,Rickey,rwetherald2@acme.com,(379) 3652495
Onthank,Giustina,gonthank3@acme.com,(470) 1613459
Clever,Ulric,uclever4@acme.com,(579) 3188349
Guthrum,Amble,aguthrum5@acme.com,(191) 4356443
Guppey,Austine,aguppey6@acme.com,(636) 7807866
Farndale,Gerhardt,gfarndale7@acme.com,(129) 9236444
Wolfenden,Caressa,cwolfenden8@acme.com,(160) 7019009
Holliar,Robbyn,rholliar9@acme.com,(996) 8863254
MacAllaster,Lisabeth,lmacallastera@acme.com,(830) 3076674
Ottewell,Ketty,kottewellb@acme.com,(680) 5614534
Dreghorn,Tallie,tdreghornc@acme.com,(385) 5801832
Leverette,Brennen,bleveretted@acme.com,(257) 7707057
Charteris,Vonny,vcharterise@acme.com,(957) 7090396
Ennor,Link,lennorf@acme.com,(116) 8589409
Snedden,Rosetta,rsneddeng@acme.com,(908) 5181175
Ilyas,Ernesta,eilyash@acme.com,(108) 6077588
Endon,Stevana,sendoni@acme.com,(368) 6447169
Mathiasen,Daphne,dmathiasenj@163.com,(965) 1009795
Rhodus,Florida,frhodusk@acme.com,(488) 9897785
Jagels,Bryana,bjagelsl@acme.com,(722) 2442603
Saynor,Nicol,nsaynorm@acme.com,(386) 2867726
Binnall,Malachi,mbinnalln@acme.com,(237) 4258228
Hould,Henka,hhouldo@acme.com,(969) 3822679
Van Haeften,Selma,svanhaeftenp@acme.com,(327) 3416415
Gonzalo,Raimundo,rgonzaloq@acme.com,(295) 3105088
Hutson,Ettie,ehutsonr@acme.com,(870) 3659278
Jeffries,Domenico,djeffriess@acme.com,(979) 2015367
Colcomb,Melicent,mcolcombt@acme.com,(726) 4724236